epoch,train_loss,test_loss
1,0.008675516026349514,0.004331228640633371
2,0.0076263480481867365,0.004141504688705713
3,0.007110504989384537,0.003841670668098575
4,0.006288608839987951,0.0037757945026025037
5,0.005702722218622134,0.003692818686062962
6,0.005379551374321341,0.0036226725005566686
7,0.005072636366199946,0.003528266009931751
8,0.004734454933783739,0.0033793735229585955
9,0.0045101863264358005,0.0032720574826377727
10,0.004338063572153247,0.003211648596998717
