epoch,train_loss,test_loss
1,0.014751561471157096,0.004483515732319815
2,0.010291770090343377,0.004247886352153178
3,0.009015392882032415,0.004324881809385809
4,0.008054031106785261,0.0038218290046711876
5,0.007331644314639535,0.0037951721413607953
6,0.006875246637001843,0.0036674544594430735
7,0.006596562889856066,0.003661530398201408
8,0.006435705787168921,0.003577111849631622
9,0.006319857935659909,0.0035389011451438562
10,0.006229538344299637,0.0035057128587834326
