epoch,train_loss,test_loss
1,0.0018563399837597274,0.0007029133725780054
2,0.001211808576071174,0.0005795927456138814
3,0.0011233603140630621,0.0005173407001953881
4,0.00109855793987061,0.0004980970385145383
5,0.0010888978248540693,0.0004940619624655132
6,0.001081051976230617,0.0004910771533244726
7,0.0010499440548071613,0.0004911540266949017
8,0.001039618017793459,0.000489077643362646
9,0.0010298652778359119,0.0004874364937184878
10,0.0010106298409167669,0.00048391576876630383
